Title,Description,Price,Quantity,Is_Active,User_ID
Arlina,cLxlkvTfDSrxuuBuTxNMOKuI,36.25,404,0,1
Katharina,qXIPlxlEUNgFuTOT,769.47,565,1,1
Ekaterina,xtSsMMCuT,950.73,54,0,1
Leia,SLaEnmkI,361.81,258,0,1
Linet,rVYYPAQt,532.01,389,0,1
Tierney,Xyim mso,495.45,503,0,1
Chastity,uctFWSlBIIESYffzyoHoIFYcQsgA,158.64,285,0,1
Tomasina,VEPjUfqqzuIT,167.89,342,0,1
Valera,fbRvJRZYbKyP,172.67,829,1,1
Tobe,xjeJRrPOsHayPCQrLssAMhXK,96.09,836,1,1
Demetris,YzJoui AEEqyAa,680.07,600,1,1
Charmaine,GldrcfTsHssiEiygPwSHsAFjk,106.9,80,1,1
Doralynne,uBfgEtllHr,442.04,482,0,1
Henriette,tTRCywJxBmSxHAXAyeGljjbrzQmead,974.24,190,0,1
Agathe,Awftrvcc,167.38,865,1,1
Asia,BmqoAyUKJOHgtlRksyorqOxzNktW,125.32,203,0,1
Thalia,coXvWD,566.99,161,0,1
Mariann,UKGDlMrPGqESgJ AyccLanShd,424.66,837,0,1
Janey,aZztySSZSHhjCuwoLmFsQaYK,921.52,573,0,1
Chastity,yS,127.99,49,1,1
Almeta,CskPZbyVo BRiCQVQWCWesEjxAzg,369.92,912,1,1
Anica,mrmZpNxNnYYIaESAgE EmCFWGNWImTo,824.27,864,1,1
Janenna,fcidPgza,960.25,482,1,1
Janey,icKOKjVgChcnwG,887.73,877,1,1
Emelina," ngGazvmwpi",211.77,460,1,1
Michaelina,RKFIbqLL XoINuDfnsBkMzlf,59.04,973,0,1
Yolane,lAdPjKMnJoGdFbTpWNSPVyacy,793.16,421,1,1
Joleen,UDvzZhx,337.92,194,0,1
Kayla,VFnZwbtZllBcMlkOpQHNLsBIJhQpEj,816.85,959,0,1
Marjie,QXkBhNhNGnMtDJisuYhtKa,934.91,762,1,1
Charissa,SZufGACjaYOhOKtFYrKavqfbt,106.92,563,1,1
Aurelie,oHXGSHFxJGQiLfSrZQcQPkg,478.69,762,1,1
Ronna,,682.17,888,0,1
Mellicent,tsi MlqJgBQ HleKHr,62.64,485,1,1
Lilith,CJBQHjFOshSdEfiIvNS,109.3,615,1,1
Therine,dQcivPrkRnXNvbkjWmkAxZyHGuMYtn,940.96,925,0,1
Goldie,PMjZZIFAMaBElrsDQwKIdvL,154.36,781,0,1
Perry,JlTSESaWGccQcG,500.93,48,1,1
Kayla,rGwwwzImfECMCT,261.38,615,0,1
Correy,tegxiZVZNPdiMmZbDTVXSjqs,366.11,250,1,1
Evaleen,ZfxjPQuUHgo,210.4,281,0,1
Lilith,uuYcXzngrbWvQbNwCZAsJbfOKvfqYT,582.83,906,1,1
Mellicent,oNkpBfhHFpcsU,414.55,847,1,1
Sadie,wsTubDyXSFQidrmFFscXrBYq,503.92,567,1,1
Alleen,AelYurymLogYUgeZHtPF,242.6,300,0,1
Camile,pKIQVZRuMvyALFTNvPmE IsPKpdjsOM,790.74,129,1,1
Therine,C  eHV AQ,26.26,901,0,1
Aurore,znVZJXdQSRpQCype oYogtDmZLhoK,117.05,18,1,1
Priscilla,QvjlENJDtvDRGEQ,90.15,715,0,1
Jere,TzhILJKljcOWspVSxqUDN,237.43,988,1,1
Peri,yPdKuQbu VgvcpKyqIoyjR,321.2,338,1,1
Carolina,G,184.13,133,1,1
Regina,YGFwMAyJPltf,504.9,738,0,1
Dacia,SzyadnrWxDKbAwP,317.46,362,0,1
Mary,anKRVElWBCCgNpvGxrUGnuAXwypm,49.75,571,0,1
Cherilyn,QxXlHRlXozjs,362.16,268,0,1
Sadie,FjOHGDgmxOEDvkLckJmyjyZv,750.66,96,0,1
Marleah,wuzWozciFwhzlAdnRZYqULQEchGLLSww,768.93,770,0,1
Tani,HPXIXF HufHOeyZgwNWo,65.17,74,0,1
Harmonia,BlRhgEPIsUOeoSTtBzKhbhcsqxMJ,252.67,861,0,1
Corina,,396.81,665,0,1
Luci,ry,531.06,411,1,1
Valli,yIVY dSzaWrFlNSyPb,274.6,573,1,1
Ericka,m ZOjORycowl,586.75,163,0,1
Micheline,dscohBThnA,881.69,99,0,1
Fredericka,nfMwy ggrPt,518.1,467,1,1
Dulce,WrljYmWl,543.74,932,1,1
Melisent,FSAMtYmdvLRfCLyokmHs,797.84,322,0,1
Ninnetta,IxLnIcidMP,837.53,809,1,1
Florie,ajtG iCIJfYXbeEqwciwC,215.45,843,0,1
Gwenneth,rByBElwGoLfQAooQHUdGlqSmxKFPq,556.76,299,1,1
Nicoli,kPzcZckRTBMupPGMAaLm,587.5,759,0,1
Queenie,TdmtNxVXwEPlboBfcweSgglWMSyK,492.77,182,0,1
Karolina,vRFY,545,294,0,1
Amalie,RrwGEqz,157.66,717,0,1
Danika,dYFmu,653.58,321,0,1
Meg,YonvOJt,290.94,160,1,1
Alleen,RJIynaPGLMfOjYFbI,264.52,321,1,1
Sonni,S ibJQBYkiJP AOrpbJuepuVXM IVmc,719.16,526,1,1
Sybille,qjHQCfmeIdYREGqoeqPfGgL,462.53,728,0,1
Peri,mfWeZcTLveYeRPjYSzn,837.06,889,1,1
Donnie,TVqNaSTIEpMSdtoQNsCgTMCYbeG,593.98,951,1,1
Melanie,LE LfBtnJAX,413.16,256,0,1
Vanessa,rkSbhjMXAMGecLmYcKLBtX,322.96,294,1,1
Sandie,uRZyZkAcCyJlkYqEHFYJGA,440.64,930,1,1
Marnia,AEdsDqkoOxScdZ,14.82,227,1,1
Dari,q otuuOGwTdvntLblZ INA,855.97,932,0,1
Kamilah,ndTLt eDFJXrONdnzeMdnzUtQRO,270.56,733,1,1
Sheree,tHqUnxJYyKqQMh,365.05,247,1,1
Blinni,PAGZWiCJnHvflrUcmXJU,116.68,333,0,1
Marika,jHimuvDqXtzZdv oWoNb SO,888.5,322,1,1
Vere,QhUGVLP,40.39,360,0,1
Edyth,MQJspIDFdaCrLRB,475.24,301,1,1
Cherrita,AusiPyNhZGVIvOD,734.12,775,0,1
Bobbi,kOsKtL CKm,442.1,179,0,1
Layla,jkygeRYZrNxknuY,526.12,224,0,1
Caressa,spiNdvIDp ZV,881.28,279,1,1
Miquela,HOjsQFzKYMaVHEbKCjNLZ,129.33,919,1,1
Violet,rYrUaLjJvcZpkcSCoILlZNF,541.41,341,1,1
Tierney,"ogcn PcvvzZlzTwcrLHd ",20.59,312,1,1
Basia,"jpGnxMkBPughwB ",144.63,205,0,1
Konstance,fhwxvczxzEDlYlYikVeMpj,834.83,208,0,1
Elena,nGeIOzN,152.68,462,1,1
Marcelline,hMstx,46.22,680,0,1
Lusa,KyZrRtuxZFBQnIX,83.96,914,1,1
Liana,jbgvSbiPYymxpoGilvQIyaaZuOxgrhC,228.58,954,1,1
Sheelagh,jLCjIbwdKK,841.75,382,1,1
Kelly,vsMbdmmBW YjlngIkWPEXJrTB,436.33,848,0,1
Dagmar,LddUsuuoNuVt,800.21,938,0,1
Genevra,rxyYETbSdGfWRTaw,369.68,600,0,1
Daune,OVZGzQODU,673.96,9,0,1
Juliane,IfcDAIgOvaE KKa,522.53,627,0,1
Ayn,gpWYBdnhhqWyVGfECf,924.51,211,0,1
Demetris,JmjzYDXdcdll sFjyGy,39.44,75,1,1
Gerrie,JKAnQTLHVnPvBo,180.12,313,1,1
Ashlee,IpAzWcnJPIPKmIsJIA,778.52,514,1,1
Jackie,gCYfl CGcXcQtVxIU EiqGLSrOlLKSTj,785.2,783,0,1
Jobi,VvRZyYCpBteBic,919.21,770,1,1
Rosanne,loFoyICId,920.48,642,1,1
Rhea,ViJMsBSSkLTBR,81.74,315,1,1
Amelia,iWmQDHEwxaQlLQsz,576.44,275,1,1
Johna,fJsluWfeQRASeLRsYuIryJIIJxWRFwp,541.03,19,1,1
Rochette," vmJIcMKWFlWEiBheksYgMauq",967.82,695,1,1
Jessy,AQ,834.63,367,1,1
Marleah,JiwkFRtb,163.57,798,1,1
Aili,HXifjDOnOqUscTxQYmuwTbe,385.05,425,0,1
Sharlene,FztruFPrYHdxprZx,741.04,412,1,1
Misha,ZlXmaJGQSORSqlnodpxQ,64.14,132,0,1
Gwyneth,UTbi xkZsXAvGCrEFAyBGrMCI,953.44,205,1,1
Aurelie,QKjE anYraJB,187.33,294,1,1
Michaelina,aaisd,319.99,657,1,1
Marline,VmJobhqqaPKtTuoeEeBfqhB,528.18,780,0,1
Wynne,VLudwwxCQ,260.92,516,0,1
Ekaterina,FapiDaRWQkKgdPIPsDFFlTnu txCp,919.77,917,0,1
Lynde,kNXrwsQqSiqKfxLM,945.59,186,1,1
Calla,IBMQcSGMmTkdYUXgvHJpRIPuG,54.92,207,1,1
Sidoney,wgeOq,267.02,960,1,1
Jan,TgsfSrxlffZNS,937.33,585,1,1
Arlina,lyRbsbTIQ NEOQWtjMwOWZc,819.19,422,0,1
Ardys,DtHGXjQgVUTSK,610.17,504,1,1
Jennica,FOvDOAuCGyiTHNGdg,962.19,784,1,1
Tatiania,osOe,353.54,195,0,1
Renae,UzAiQRueCawItET,87.44,806,1,1
Giustina,sl,395.97,690,0,1
Jasmina,kEPekWSMEh,152.65,636,0,1
Averyl,hhyxkVsn,979.3,6,1,1
Fernande,,41.76,198,0,1
Queenie,tIDZqNCaXfQuB,938.16,470,1,1
Fanny,UMurTYBqHBjnBJzxOCKzgJgj,101.86,458,0,1
Candi,eJvxQqTrhRFy,667.56,609,1,1
Merle,TbaxfmVjLYIrOMTDVahTZ,242.23,295,0,1
Aaren,XrRhgXuLdViy qlS,666.58,463,0,1
Chere,evlZSvXdHkW,814.58,463,1,1
Andeee,R,401.75,530,0,1
Cordi,CsggteFWuYTcG,774.78,2,1,1
Ardys,GJIldELolsKbpokZqfVwHAfMIvC uUUe,946.83,672,0,1
Melodie,LGTxxQTlNUeXW,405.53,167,1,1
Leia,MpoNpiPwmYEzpXg,562.64,770,0,1
Caressa,PcjiwjTk,706.96,590,0,1
Frank,oGqUJtpFldC wMsEpCOfqMpSARmHGJ,730.08,984,1,1
Corly,uBs,993.71,50,0,1
Jean,dPaxIXtgJgqOBNms xamIhqMOHsAQ,697.44,650,1,1
Berget,dEUQlvTyhsjWkqDqNZwYLoEilDf,166.38,896,1,1
Mildrid,sBlJY O,49.36,650,1,1
Atlanta," hHRctmXCld",485.57,472,1,1
Leanna,SSwAxKTPqR,159.15,806,1,1
Dorthy,zUzx VdWqRpXRTHpynpEkeylLYoUQ,945.84,623,1,1
Charmaine,eMCLBRSzfyWxCVkp JoQ,601.35,151,1,1
Mathilda,RuiezclP,251.32,853,0,1
Caritta,v,998.32,250,0,1
Estell,AFBxQC,328,157,1,1
Vonny,hqsdooX aYR hKZHQdjCBd,123.47,367,0,1
Zia,SlbicTEPjmd ViLpWIBWHP,951.22,18,1,1
Elyssa,VQcWvgXeVQAZmNyT,247.57,872,1,1
Tarra,pxJrbhbehZDNJs,545.51,65,0,1
Elka,oUIqkYjou,129.44,620,1,1
Sybille,ywZKwErPKWAXMC teL,591.62,216,0,1
Hope," bAChmcYwzbaO",926.47,742,0,1
Vonny,RxMf,782.33,106,0,1
Brandise,SofyOwddWDCQqcXoqDBHPB,161.89,890,1,1
Kristan,bvcMqECeLaDLkemvZ,325.51,22,1,1
Tobe,iOfzXGmwBxMDoFwcKcSUNdTY,454.16,663,0,1
Roxane,GITfSnb,538.57,934,1,1
Nannie,buqcwwrbWOnowaUOJclqrhXaupVZ,871.43,521,0,1
Elyssa,SFwZfXZqFRaCfrQgxBZWWaTkFnnJ,29.35,128,0,1
Dulcinea,,783.24,196,1,1
Leanna,aXzZuqheNVRCryDf,786.28,452,0,1
Deloria,AToadX,601.97,118,0,1
Heddie,nZjrZdTeUVANIwV,247.7,727,1,1
Althea,cyRsBBp,49.4,482,1,1
June,aWRWPXon UdtaUoUmvwUfcjKlSIsbSVL,941.68,3,1,1
Kary,YhtV,968.54,838,1,1
Calla,KWRzekbTgSSF,963.78,860,0,1
Dania,YfepSePdY pOPL,138.88,187,0,1
Violet,Mtlc,27.95,508,1,1
Pollyanna,akVerxDdUURxDETSEdJDGFO mohE,188.24,658,1,1
Micheline,wLjB Llo YJir,237.56,620,1,1
Monika,subMKCAu,243.99,374,0,1
Britte,lDODZ,206.54,379,0,1
Aeriela,ftGVq,261.41,694,0,1
Farrah,QLwJ MhsWBzvfjduleWcFSGxO,643.73,756,0,1
Tybie,aOfpRvc,547.08,105,0,1
Eadie,kerWBGFSVwLTLII,853.83,338,0,1
Beth,BneLytbfIEf,443.18,230,0,1
Bernardine,RryByydvNmnhGvWomAsBAEKh,103.38,586,1,1
Rivalee,WR YOPoLdmpHBqTGcCvYDlyJiUU,253.82,287,0,1
Alyda,egy,832.94,66,1,1
Basia,OiJaK,443.47,426,1,1
Harmonia,rr tCVZzGapMG CNfe,145.77,984,0,1
Britni,UnCxcwj,288.14,561,0,1
Oona,qrzRwVQL,797.98,485,1,1
Allyce,"OPApLUDcfONER ",245.48,919,0,1
Dorthy,Xt puHEXuHQQFamnQjGQoAbcHouYTyGr,595.89,892,1,1
Kristan,UGEQotsrwBYpdu,778.35,828,1,1
Trixi,AeAPJ,77.63,527,1,1
Christal,skQGYiNLgosShBjFrWi,268.2,409,1,1
Mellicent,Q tXZWGzdVqQpIgmHV,819.58,276,0,1
Tressa,iJnqOJHLxkcGfgRJDSPGGfTE y,4.19,616,1,1
Orsola,AOQLLUwjoVabaTei d EtebcsDwAYvBp,719.9,310,1,1
Cathyleen,phssF,386.53,377,1,1
Carilyn,DQDhiIv btXtVRHAvZ ZVzlWpeOPU,851.41,548,0,1
Mary,uZGystgQtcLtywpbuomzXnCMcJWw,560.31,774,1,1
Oralee,PIiTuswbnqtmXdbL,788.12,38,1,1
Mady,RRWxoI,453.05,242,1,1
Bibby,tCSNKWKyQYWz dVCEIpYYUU,710.03,635,1,1
Hyacinthe,HxfIhk,972.65,850,1,1
Bertine,"dNffNXlVGLmziIWieOU ",555.44,42,0,1
Darci,HUAkewemDByEAcDZwKaSbFLopXNAdCWO,644.51,140,1,1
Lorie,vsqcezjk,578.49,914,1,1
Hope,McBEAtUFSRllLFGalvR,371.79,660,1,1
Philis,IyUtuxTqKnW CJEUaWXhUeha,440.66,837,0,1
Alie,yuMQoZvq,224.96,236,1,1
Florie,TEzkIfOVZisw,189.03,988,0,1
Teriann,rLfcmXvYnFLIoORQOGpoJeqAqEjfojr,724.7,814,1,1
Margalo,xfBkVfktqMkqmXYUxUXDv,233.27,997,0,1
Renae,li,814.08,947,1,1
Corry,VTw,627.38,76,0,1
Tarra,NmeaO,817.3,287,1,1
Dorene,HjgTrUkabBey zvsMMjKRLbF,716.85,391,0,1
Caressa,sTpfTqXWOdJcyOMysghnzCe,979.27,969,1,1
Bettine,CLJPUQDLJgpKyjairOoAssB,258.14,561,0,1
Jaclyn,yAKKFvqxy,454.4,986,0,1
Debee,BAzhNLmjXBqcWbrwUcKdhIuCCk,491.48,958,0,1
Mureil,YtyFqdKGFNVeZBOvcTagZAUxPtaBK,125.83,322,0,1
Phylis,t OsCFMhFsuQRIIdIMjGvxezDIsm,710.11,439,1,1
Flory,,124.66,273,1,1
Brynna,XbsOiiqDsCy lokODwqbKA,868.92,883,0,1
Ethel,Cfad EjMGLBolpl,174.8,43,1,1
Mathilda,VH,531.16,325,1,1
Ottilie,rbmlgVwQmD,398.23,376,0,1
Kristina,tAhUHQEZHBd,722.19,688,0,1
Correy,lrxivwJmHOIZbrJWjCWKiyhERtYpk,696.88,298,1,1
Frances,cS,806.19,720,0,1
Marinna,DsBeihleBSxUjMvtTXOZDJFZaEkq,867.91,715,0,1
Konstance,MHqtKTjVGO KIWw PZXbkNidaLSIEuf,445.65,164,1,1
Codie,HhoyfMvwbbpUBFbwEHGVVIDsIuZ,62.82,416,0,1
Tori,ETVab,832.5,257,1,1
Rochette,hdhgmdzMIHcLqNvJsTFQuidnQJoGqen,699.57,768,0,1
Elie,mjUuCVE qfxQNRQJsUFBPcJwBqU,606.41,477,1,1
Kamilah,JQvQaRdL gcklXBYipWcsep,367.46,674,0,1
Sam,tHvPrMhsjXrye,192.77,103,0,1
Diena,satUjWk XYvyiWcxQJzRT XAYJRu,591.9,6,0,1
Emylee,SJLlBqYgRgLxCOQyLHbC gJGxdL,350.74,63,0,1
Caritta," IYmmVnfUDWLcIIPH",694.85,269,0,1
Alia,loUlnOnOfeZdT,936.63,256,1,1
Mamie,xefoWmGuxikeVLByZQmqvvVavfJ,314.12,481,1,1
Shandie,L,79.81,127,1,1
Jerry,twhZL,351.97,646,0,1
Helena," UqAQUQnnbiqodhjKNgEmVFDdxHRmK",365.91,411,1,1
Marleah,mARGjNeZXlpPqiaxYGN,721.65,733,0,1
Iseabal,TiqlT,413.9,141,0,1
Stephanie,gKgR,178.55,410,0,1
Tobe,pazjRvAmKMV,919.43,133,0,1
Vere,ukGhTBvWUfgIdJaZlWGKccx,456.32,560,0,1
Lily,voJSGCchyapclTCav PggcgqskLGQLW,16.02,762,1,1
Mellicent,XEgEO,564.81,249,1,1
Jackie,gxvqfXFSTDUsaosWuodnx,734.29,252,1,1
Stevana,elBQZ,640.06,325,1,1
Justinn,SZoyyKDLXotqqm,433.43,813,1,1
Glenda,mDjbvigGP gMwoUURsfqcUncYWvIwEEJ,886.92,71,0,1
Sharlene,VBdFralWaaqTSalWl,183.55,331,1,1
Luci,XLmFpLvDCBozcumwmLSi,163.99,263,1,1
Bobinette,UZIzSZyJnNBC,141.03,705,0,1
Amelia,NSvAqMtsnrUqInLSE,175.93,529,1,1
Sheree,utBpPfDI,258.98,272,0,1
Aaren,qtZBrjZFrZ,850.36,991,1,1
Regina,aikQlrGNqaFaoGQaJJzTF GCpSJh,472.02,9,0,1
Gianina,hsM,676.85,602,1,1
Chandra,VDuTJqOdcLzltYNkLevj,809.26,607,0,1
Natka,dQrHgtKLiNLgj,955.84,112,0,1
Flo,MhLP,195.99,364,1,1
Cassandra,ZR,989.38,65,0,1
Adele,IaEHOAoFAdr,378.83,508,1,1
Shaine,kpyVupMh,732.51,32,1,1
Kassey,JQyOulEpDIzneEjisXcf iq,970.76,90,0,1
Anica,QhNiRSDVPpKfFPAUTNU,909.67,718,1,1
Abbie,Vm,338.9,988,1,1
Codie,UZMpYwfcgwVGyl,673.09,598,0,1
Emilia,RefcmJOyWWROvxLytyjwguCU,735.78,517,1,1
Cherilyn,THTomxO,316.03,730,0,1
Kellen,sAun,677.82,394,1,1
Jessy,VgSEnpltYnJwTuiZPFwznXn,969.82,996,1,1
Dominga,XHNBdzdd,570.07,332,0,1
Gwyneth,mpIx,513.95,356,0,1
Vanessa,GCsDDFzKKbZzLzj hBvHFeBVYjbdGhN,29.17,394,1,1
Gilligan,IlLQcTnCSBVJEomL,120.82,429,0,1
Marcelline,ObWqMGjDAInvudJqgVl,276.3,274,0,1
Raquela,yoDM nLtUHVxzr auPAYVJpULoeNVGe,70.5,124,0,1
Karina,LhkjgGwlNfpYPtOqZ S kzDNAYw  mCj,470.96,891,0,1
Margalo,extzPi,142.2,902,0,1
Drucie,jMIqIetzgFWwAoBxQBs,840.64,20,0,1
Jsandye,pjE ynMXBqoQQCSLj,587.33,50,0,1
Dennie,ZMpqiPytmNKWKG,821.25,999,0,1
Celestyna,rUXNAoKRghPTA,532.55,208,1,1
Janenna,hypIiNouZFGCUjSzsVe,614.47,553,1,1
Zondra,zlSNHVbnfFkOibqLNDgcd,435.12,315,1,1
Coral,PpYi,382.71,633,1,1
Albertina,BoMBUmiFRslSe,770.31,378,0,1
Jessy,uWlygjuuYUAxxbE,935.83,532,0,1
Karena,sHWCWodWBzQdhCnCXBwjxvX Mzor,689.27,552,1,1
Lily,qMS,566.73,778,0,1
Corly,DczPVBLIywwyeyyY,750.66,41,1,1
Marline,wMrgrhnXyVKusS J,669.35,355,0,1
Vonny,ix,63.94,162,1,1
Helsa,mgMVQtWkfND,98.2,951,0,1
Nananne,iGYZFpiDdVVMfGo,151.79,130,0,1
Jere,VgXukNaLAMRRmD,356.21,690,1,1
Cacilie,ZpQRuOB m,688.11,387,1,1
Aryn,bpg,889.27,27,0,1
Lily,NiZiPbNLbsv,156.68,244,1,1
Nelle,WYNazUAKFdWPjcDdDIbdOKEMcnGGLE,311.32,642,0,1
Jennica,TWngVpQGjdYmrVVfuQkfolpOZ,206.1,130,0,1
Cassandra,VwyVzlATGWpcL qyxExkHyIiCyd,85.62,551,0,1
Briney,AGpZBMxmYhqpsSiPyTc,784.17,113,0,1
Goldie,KYwaz rVuRIWFEarxEtRS,240.37,846,0,1
Collen,CLIiFvzStGbxVpJSQntrAyoxUZ,632.76,7,1,1
Consuela,luQfmKBxEX,637.3,529,1,1
Lynnea,aXtAylHgJZHlXXmRXCcisizmEmYnv,248.26,716,1,1
Gisela,vQXjseDC,726.49,422,1,1
Molli,GkTEqRPdLDNhCwKkEZoIzhBm,457.75,245,0,1
Flory,ZMFVIfCZdQLLY,910.29,491,1,1
Johna,faJtMxilSCGatWfjNrbOGiFjZPxai,851.96,368,0,1
Heddie,nLDzXclN FRbrWslXMzTOx,596.37,97,0,1
Romona,ubERNiEKmtVwUD,777.66,282,0,1
Carolina,KmpEEnDekriGaABR,735.23,302,0,1
Tybie,XxlmhjeUFKLYKAReReRFFab,615.94,131,0,1
Phedra,vEQPyQcGXTXaXodMFpqkvB,318.8,883,0,1
Penelopa,WDZBYQg,15.59,251,0,1
Millie,rDrTudGARyJjfmk,576.93,105,0,1
Briney,Zu gjkEM xcZZwYzD vrBHlNonuf,166.26,860,1,1
Winifred,JZWcvYCeWk,162.35,75,1,1
Kristan,GYpEpjOqSYfbsUWJklIZPGJ,541.85,777,0,1
Valeda,VSPqATFIvdKU,825.58,269,1,1
Aigneis,sOc,511.76,128,0,1
Paule,,416.21,601,0,1
Paola,TJtZ,495.67,468,0,1
Roxane,fZJwScXBnAXWB,662.68,364,1,1
Olwen,ygSVBwgU,48.76,77,1,1
Kathy,SdoUoRT NldiuppQaKwI,533.51,119,1,1
Alejandra,oFtdqbTWCJ,433.05,238,1,1
Konstance,UnqeXpUGreRjGKSsBuDvixMvyRUEYJz,772.49,159,0,1
Doralynne,AcdkEUdCWSkddbieYUD,580.47,541,0,1
Gilda,dHnp oObsROJogsSaTil,348.41,777,0,1
Edee,RUkJeSOgwgyosvAWJoDkqCHJG,461.51,902,1,1
Noelle,UznzLWOyyEv,699.81,854,0,1
Maye,QLXEBLQNsgPAiNqqvFXCzpyNQFs,513.53,595,1,1
Merle,JIStGi,925.59,647,1,1
Tina,"SqKdGRONSU ZoIPqWyelDKpFAIkaGxB ",129.34,381,1,1
Mathilda," arxeYuLZ VfbPcnjFqEcfusYFpBD",894.66,847,0,1
Darci,HCoctyxIl IPb,550.11,957,1,1
Bee,ZSKwTKP,901.22,737,1,1
Kathi,ODlrWHIfdWCVdSNBSfbjf,405.66,651,1,1
Harrietta,uNbvnzNzRkrVVt,40.29,601,1,1
Katharina,OGupwGtBxcDJdSWOaBwvEoq YlpS,173.22,94,1,1
Darlleen,ncdQCoKxemSTZcfZQHXqYM,514.39,319,1,1
Cacilie,hD,930.09,596,1,1
Raf,JHFGCWvOgcsbrYxMptRpzUvs,168.36,630,1,1
Bill,NDnsPRzoBrsMxKZRjCJYkrtq,844.73,947,0,1
Beatriz,QZCNBfgNLUNi,261.75,622,1,1
Daune,X,773.41,103,1,1
Sarette,fvhraGO vTkDs,654.72,22,1,1
Maridel,OksamsZjwg,663.19,60,1,1
Angela,"fBCBTRPheFkf ",769.1,400,0,1
Cacilie,rYEF,286.09,683,0,1
Lucille,qrY,441.17,394,1,1
Marguerite,jDr,973.36,890,0,1
Eugine,hEbDhgrEbfNqh,911.56,945,0,1
Agathe,QKIrgqKfkiNCNDEsbWRMcvKGhlg,671.37,469,0,1
Selia,zGOtApqQUQ,30.77,646,1,1
Marinna,rxbraWwMpOwF,206.16,817,1,1
Rhoda,CqOrGtGpSGhI,962.37,948,0,1
Claresta,rbOFxAQLGOmAaOEfLkllBYUA dfCOO,275.57,625,1,1
Eve,ykyxaGkzRgFDKgaHedIhPdTVGXANv,358.58,461,0,1
Rayna,qZhZZPmVwERhnmpLOpwDaBefbG,155.42,597,0,1
Deirdre,dJLKquNursMbIeNbyDbEu,367.29,581,1,1
Sindee,FCwtRaEqVRb,510.41,517,0,1
Chandra,ZTTymDJxDQsYlYjaSABj,297.85,217,0,1
Cecile,NXomHERStDvVnKiIqoSt,438.05,90,1,1
Cam,wlJSrRn,550.25,480,0,1
Maurene,XmWCxLhTbpgrHyMhZ hkhzqhe,791.24,362,1,1
Selia,UZIpLCUmjaccztStpTosTPP QjjcPkt,518.57,584,0,1
Alia,koJxZFvnxyeLu,502.38,605,0,1
Ida,JbNQuQgNyVvNTZE dJBmbEcbpQm,319.95,208,1,1
Allis,qztAylORHrzuGnQbWez,460.86,657,1,1
Frank,YypJYQCOmUoyOa,200.11,870,0,1
Alejandra,vYRnEudPVkPUBh,995.25,72,0,1
Nananne,SYzktqPvjOqsZDKKrVetlHEI,236.73,395,0,1
Alie,p,383.15,643,0,1
Gertrud,KqwDAqQchGFE SLeorGjkZUh,516.61,335,1,1
Mureil,nbcygZbIkunnTLcUKDwppEd yWmQg,566.43,240,0,1
Jsandye,jWMQmltvi,414.27,42,0,1
Gertrud,r,228.85,747,1,1
Nita,czZ,864.99,253,0,1
Romona,KmpGSHMFix,169.36,902,0,1
Diena,UNLb,918.89,284,1,1
Beatriz,oLztfn,400.44,309,0,1
Eve,WskQYxFFfPdxagfvwgtZquE,499.59,754,0,1
Elie,GAKsKejUqKQjHjo,594.76,335,1,1
Jere,yROuVTguDh RqEiiPzgjUehYQ,415.39,502,1,1
Daryl,MhgukeRMnxkVMoBW,149.14,652,1,1
Clo,zLHaGqdRtYr ReTb,145.96,945,0,1
Anthia,amGEpbQtrMGnbvlbTpIqRxVrFTH,259.21,798,0,1
Averyl,DZbmgLfCMqTwCtOttkMx,607.72,975,1,1
Talya,fABZTWQpCWsAwSH,572.25,689,0,1
Britni,ZCVSdRfK BAeMYx b B,376.5,632,0,1
Ketti,zbtRWUqMVqw,69.13,901,1,1
Ebonee,QFxLYOpKMrlDnHRtSZm,560.12,605,0,1
Marita,L,99.21,742,1,1
Genovera,wmJPCWeTyvzSbgRzHYOMiTKnmS,750,188,0,1
Ana,aEAksVvpn,964.12,488,1,1
Helena,zkQbdDB,636.21,25,0,1
Etta,Fn vtjDottnCtOQWraExcFvIpLd,325.05,441,0,1
Kittie,yJpktlHbtgHFsomWWCfsvLPOPzd,6.96,825,0,1
Evita,vSdlGitvXEMIHa,623.25,471,1,1
Nita,"GISjhZaRSajBXpZI ltwdLXwUqZNBMS ",134.98,682,1,1
Alex,zTIXUhgVLeLALLLPFAQLNydYvHnKXgES,304.85,13,0,1
Gwenneth,wDVMvuPhNnFXLxlqBzYLEkzmwDknVQq,347.43,369,0,1
Darlleen,IWeJsJN We TZ,282.43,175,0,1
Fernande,ibEpLyjCKjOoPeehl,693.7,139,0,1
Maryellen,rtvxlpxbduOofRQuIrfboTXtRcaj,425.23,335,1,1
Peri,IFGjsQvXIjyywUeknIFMTVFPobSIMy,43.82,3,0,1
Dianemarie,rnflubhRw,785.28,841,0,1
Deane,xZdwfkPRC,495.79,193,1,1
Alexine,i,624.73,274,0,1
Kial,jKtRbmsNzcyJqXyVTbXqRbUWueJs,729.93,164,0,1
Demetris,QaSfYhPgnHUwdfzyLfuFuqZweEYKc,704.07,435,1,1
Janey,ierpzJsyDPi ywXtixaKKxCzAVEDIy,477.14,294,1,1
Margalo,X PxUrzNKfsGqYE QpAV,288.24,326,0,1
Dari,nIDlABByeEx,307.95,293,0,1
Althea,LrCiDwJWAsbuVxBYcoMlNh,136.41,454,1,1
Adelle,eretObVrkxpTDw,666.21,725,0,1
Oona,yJuKnPABnbyAEZLbiz,585.18,986,0,1
Delilah,AzzCaqZE,429.29,632,0,1
Talya,KBhuqSQqJpps,284.81,206,0,1
Adele,XUjdVLJVdqGdXO,885.22,602,0,1
Chere,meiqAkMlnuXgQKzlSP,244.85,883,0,1
Brianna,UhCQqBsThiKvTsWMfSQxocsebTZSbKoI,253.61,817,0,1
Lusa,qRAuWxQbx,48.99,630,1,1
Ekaterina,oWBpOEzZaZpaZi,980.82,616,0,1
Kara-Lynn,IkITtSt,273.33,636,0,1
Marline,ZcqCcKjienOzIjgbomuMxlmjzg,231.93,616,1,1
Chastity,luJEvnTnwaAw UHhBRdyVF,956.08,775,1,1
Merle,rhkRUotHOh,635.86,413,1,1
Malina,QScduFwFiUSkHCIPxcnQOiCZCM,377.18,148,1,1
Cathie,,457.57,318,0,1
Gwenneth,MLFUio,706.88,24,1,1
Kellen,kNDwmlAswDUlvdniCpkXDyoxGRB,83.84,730,1,1
Sibella,LLzUDxhiJqjGGuVeNuzIqJqGSaEwk,833.19,891,0,1
Aili,NSCJtMWg,499.69,507,1,1
Jan,KCGxYfPifMkCTxFdePPbsKszFGktzPD,902.49,91,0,1
Fanny,cUCpNbVTQtkakXeZubQDpjp,707.04,38,1,1
Petronia,dL,437.97,459,0,1
Susette,fCCKjlQK,593.65,556,0,1
Violet,oypfSDDlaNgdgWk JApodAlolaVpj lh,662.75,974,0,1
Lenna,vCNhWHUNZMVbOb,334.37,799,1,1
Dorice,OdawOFfkwtTrXflEt,964.69,682,1,1
Alameda,RstHYTmyieJJxvUCCjPHgLeSJPMd,486.11,981,1,1
Sarette,OZrAwCHdJbdkDLyimJ hZwEBbABXVW,700.38,413,0,1
Cyb,cIfEKRFSrKpNPsExqjluuTNN,31.59,354,0,1
Nataline,wNYXQPWzigNYN,625.56,894,0,1
Loree,ejFkUAzyiCgo,147.28,422,0,1
Fernande,NcEsyDdcOq,893.6,61,1,1
Josephine,"DSaMBKJZJhZFXXXda ",903.17,992,1,1
Valera,YtawHJeRL,921.61,761,0,1
Tonia,hCQyoLkLzWbOcpktgQJXhLUDrnjtmSsD,545.64,138,1,1
Gilda,GTsQGtSigzqYYQuojcu,130.86,737,1,1
Dotty,ibMSMvtDawxgApA,886.65,955,0,1
Orelia,ODbJOfSOKyzKWjoCvdQdBu,310.03,494,1,1
Eve,pSJgUtuBR,483.26,986,0,1
Laure,AeRrzbLSWfdhA,296.93,555,1,1
Lolita,ryJpFdbFQalvfBWFPw,743.18,666,0,1
Doralynne,Gl yInmcJFaXjYj VXbpWwLuamZaR,868.23,279,1,1
Katleen,HmRAFX,457.83,418,1,1
Blake,tqjfeFimnhPllXkOp,455.18,469,1,1
Ericka,oj,674.92,550,1,1
Lauryn,bIaDCiewQ,633.16,465,1,1
Angelique,ZyvGaAmkdWPaYqElYI,138.46,870,0,1
Shaylyn,CWjtSlxeWKrGXCFnKjgUQL zNcvxYWeu,970.91,988,1,1
Lucy,HQRfCXMADQwdbYBFJF,336.18,816,0,1
Anthia,yM,371.38,203,1,1
Jany,ygbucJRXoHKyILymkmvsfIoyIRWWp,98.68,785,0,1
Paola,amw,567.71,555,0,1
Felice,gfbkp,924.4,113,1,1
Felice,nmIMztiYMPiXIwsYhiQ,271.74,551,0,1
Rhea,pljcvnzldXQfcMPkID,44.32,619,0,1
Hildegaard,tRoyXbGrRfnHa bgyKLqPU,894.6,989,1,1
Jaime,aEOn,672.77,410,1,1
Korrie,DFjMeqOZvgNyNDHZ,757.82,228,0,1
Kimmy,HeLOFjOOyh NlVPgRDAgzxgl,731.51,874,1,1
Dacia,sZBekUXxipkAQsNLuOYRAdJKbVMx,748.9,829,0,1
Olivette,VRIhxvndrlZRKOWzDjcLFHyW,778.13,977,0,1
Nerta,mt HHHPnwUQLPBpUDZMeFyqzMme Fe,809.24,258,1,1
Kassey,VEXppsdTVxxSgUTekDnJbuJfeNilvRS,958.06,128,0,1
Frieda,EqFqbuEJixQMNUIgdPWCGpZtdE,419.02,692,0,1
Lila,BUdLpompe,307.39,417,1,1
Netty,BzcLEuRsMeKTF dlfIiBHmhu,240.34,412,1,1
Wendi,IUanFT,850.39,250,1,1
Jobi,JcpOq HIvZYRFXIWaVLxN,575.78,452,0,1
Gaylene,MCogcTuqMTtqZKKCFe,406.08,90,0,1
Chloris,UUY,629.76,68,0,1
Donnie,kBvlCWpdHTOZLHAbjEVSE,953.7,166,0,1
Olwen,VcXnxjjQhQShJFerfIdzOdDPY,19.67,816,0,1
Annecorinne,xDpVYbAa,164.95,770,1,1
Mellicent,kPKZqKPHLW p,513.14,133,0,1
Harmonia,owYxqrdcxHfJUw,882.23,495,1,1
Di,ZX,967.4,480,0,1
Alisha,weRmSqLyP,225.2,569,1,1
Imojean,VvAWN,907.8,609,0,1
Amii,Xc YJIIPa,788.9,425,1,1
Roberta,pEIzZuRKgpOzdhtWOSIqCKtF,390.92,143,0,1
Shell,gWhIw MXbMmnI,174.17,594,1,1
Kayla,oAEPfMPkS,196.28,104,1,1
Rhoda,GFrTNleHLaXztaSDEvXNluaAyCchiDTG,489.6,624,1,1
Aeriela,DRFUScDFvkcV,18.19,786,0,1
Nerta,LDFButpMFnkzqix,172.53,600,0,1
Consuela,ZSJaLnw,95.12,889,0,1
Randa,fMcJcVdHhcCnwcWBadrwDCRQxpHt,580.98,902,1,1
Joelly,F,155.23,659,1,1
Basia,HjPWyCjMsDdzoPHrMYbORhdp,96.36,859,0,1
Mara,wKz QpGCVrEPcQY,184.29,823,1,1
Marleah,WiOOrb dGVmOaSHUqHZemfJDeNOvhb,257.14,570,0,1
Cathyleen,odJsdcq AhTGyujr CRvxUiefjumemr,417.82,764,0,1
Fina,nWLzhrtimgrg,37.36,996,0,1
Carolina,Oja,247.92,119,1,1
Ursulina,"rVrAeJZjQmvwchhlHYC ",521.38,458,1,1
Noelle,YpwVkpaLmpdDxVhmyAhUaqVZ,242.97,272,0,1
Veda,CzimBwxBf,298.54,708,0,1
Pearline,TSppjmDojFukhzbBuxwgxiVMDHa,791.46,260,1,1
Clo,isosDUlsGdeFOkqx,968.32,637,1,1
Farrah,I,633.48,734,0,1
Fanchon,u,871.19,580,1,1
Nariko,TUUcvyxtmQUBKCStxBM,940.63,471,0,1
Antonietta,vD,66.8,46,0,1
Cordi,iokFqPhjeT,529.17,676,1,1
Layla,uPhohQG,717.33,790,1,1
Queenie,ddvZAGrcnZqlbaicT,686.63,480,1,1
Bernie,vLzwmuJiIYkVcAeIifoLVtO,405.6,691,1,1
Sara-Ann,ghzwNHolTzxFaifq,501.25,890,0,1
Nanete,mIoBmCuhfbKiE,846.78,173,0,1
Sharai,fTQUGAn,401.97,28,1,1
Chere,GumAyIFEoD,167.67,602,0,1
Amara,IVHSJBVMnhBcCZYKIp,92.84,230,1,1
Jolyn,ZGNTKjOtJeuGLcJq YQabB,321.47,341,1,1
Carmencita,pu,56.1,570,0,1
Lanna,YpxPdmXlZzkDSz,475.14,936,1,1
Joy,hPiZjKRTIVliMggFYvvclNhwJTAzZRlL,796.17,710,0,1
Joane,DjGch,556.76,784,1,1
Nonnah,RRKH IVD,477.13,59,1,1
Fayre,KJOUAN,429.58,825,0,1
Deane,mbUixzVYwaRnQgMkcTirwpkQ,67.63,897,0,1
Hettie," LmmHHkPnpuJgXvZDtyi",84.64,14,1,1
Paola,"dUtTlUpuQqXqLFTfhXISHIpNeJw ",898.22,33,1,1
Korrie,nXlvINHbixqFYuSSm,920.37,717,1,1
Janenna," Cf",422.18,32,0,1
Norine,sxosl,166.08,802,1,1
Roslyn,ANKTaDIkbX,453.64,363,1,1
Queenie,nuNqsdaREIxdZ,29.35,265,1,1
Deirdre,CCX,320.22,18,1,1
Kelly,pEWohDRpwsPFoCkjHWuXJ,166.36,902,0,1
Chloris,ZWYHpOSGAyzUzWYSG,919.64,435,0,1
Siana,yAmsEjtvFZHUD xEKlAlyngC,933.3,971,1,1
Queenie,isbijTaBEpPNFwQfm,304.47,661,1,1
Correy,Ys zv,762.4,43,1,1
Ekaterina,"iNDeKzeKz rI ",190.59,131,0,1
Barbi,DfkMuKYItOw,338.45,779,0,1
Shandie,DDjckdAnDSdMrHzfLyjoThEXb,793.97,885,0,1
Sheree,,18.43,454,0,1
Penelopa,JwwF,291.61,730,0,1
Shell,fvbNUhXWEHWMQyw,584.78,999,0,1
Raina,KnuPtg,945.91,120,1,1
Harmonia,QzphZUdNiXFxXtuNciTPJJqPansBtgs,632.16,447,1,1
Emylee,wT GVypqYeqoOfpjQYZKmpVBI,848.13,742,1,1
Tani,N,85.16,554,1,1
Trixi,gwQFibxyvbr,240.5,702,1,1
Sophia,yqidOwweWFATKaHYuCHL,525.33,334,0,1
Lita,vYOUpxtWMtNpBPseYMoLMFQtTujeupwq,765.18,1,1,1
Elyssa,aDgyYh RGvVkNotXCGOdRXTfVCU,89.7,731,0,1
Dacia,ZQHzFkAUxAGzltQoRCiisr,267.51,540,1,1
Betta,xPwpUTL,715.44,751,1,1
Olwen,FCpmvloCyTncumeUPPXYJZ,627.67,89,0,1
Dari,RlIhfmIYKR,388.8,660,1,1
Gertrud,HbRaIXmZvvQzoWftU,643.02,30,0,1
Jessy,oi CAdqHJOYUGZcDa,927.02,37,1,1
Kristan,qliogcbPcjSUPBfMjCpQQdJOq,409.81,409,1,1
Jasmina,N aBvxWbk,930.25,776,0,1
Addia,FWPVWu RyCjzlQXfeEk,978.16,925,0,1
Gabi,puxexHBeFchLnXqyGFNuGe,237.84,201,0,1
Ottilie,"hpLdQD ",240.52,719,1,1
Codie,fexVNwaFGiINvfiygxdVIoSfSK,654.88,71,1,1
Jeanna,sqrVbEiqFcDLG,716.79,43,1,1
Kirbee,GYmFlVLuGNKZZqKUINiw deSb,104.32,204,0,1
Marnia,dKfRRSHceZZpxPtP,253.89,293,0,1
Bettine,axsBIjpHOpCviC,690.74,241,1,1
Gwyneth,vjjGLLdHKTSRdwvUu,36.43,980,1,1
Miquela,KHREkDbsAzvDYnopLlVbLdtHZMDtSHR,241.66,630,1,1
Jessy,amwxSz qzuMD,599.31,460,1,1
Dode,kItPeUHZrzMu,15.25,854,0,1
Devina,DKDwufnJZzkReEgxwNSQsMqK,207.53,978,0,1
Candi,hyVhkGkltRrDGyaKJEV dj,470.66,399,0,1
Kittie,HKcRicSxFCuuXH,612.61,274,1,1
Lanna,PspveKRCuKwzXfp,241.56,997,0,1
Orsola,ILE,498.52,618,1,1
Elie,afQPxwyLKyfyzNeCIUM,140.2,962,1,1
Jobi,rDMmBVpwYkzlZIgl,879.86,27,0,1
Rayna,QSIPHIyEEcBYZCSo zIEvzdsC,845.79,961,0,1
Regina,gNxweedAWYdf tCO sxlrTbhH,309.43,833,1,1
Marnia,wY,300.39,808,1,1
Ada,ePSPWktUzR RcpiXXsGoVxCKfHi,520.55,37,0,1
Gusty,SyUpPw,740.02,548,0,1
Raquela,clRxuPncFwaJcF,402.8,622,0,1
Meg,rUypDxFCbpWWAW ZhusWh,965.97,559,1,1
Cassandra,,666.27,49,0,1
Kore,DzeCDgfnbvtdSTnXaiEoRKHQXvVLOh,969.62,656,1,1
Christal,eKNE,618.95,827,0,1
Kimmy,L,939.91,298,1,1
Sadie,ThSmn,303.01,153,1,1
Roberta,fzXAtJSdVE,584.84,127,1,1
Chere,FeoqPazxXhcpupxA,28.89,72,1,1
Hayley,NaDrMuArzFNywHncnhcwvqFrwEK,927.89,784,0,1
Joeann," tjmRyWYoeJDzzIkTkdRPYQuoMs",417.5,427,1,1
Kerrin,cD,411.12,33,1,1
Magdalena,oGxDAiXhbuvIqxfJfmiDPzJUjPZlI,629.73,675,1,1
Morganica,yykQcSqVgNt,882.38,174,0,1
Chrystel,ogYysu,67.43,247,1,1
Meghann,FyBVbyxEGbZIQeafWKqCEtv,453.1,417,1,1
Ebonee,MgakrQLiYOBWb,324.85,250,1,1
Zaria,WodpoLzifbkyZsUdZPXfyVEYG,614.72,712,0,1
Lindie,NhdvJTyNTqNjOQHwcgWbcdCop UCa,568.16,578,1,1
Diena,LxCD,450.7,457,1,1
Rozele,qdkloOrKjqhcuIkQFkcNm,474.23,269,1,1
Joeann,hhucTLheMZrJoaKRkJfKmdqRnXCTtB,765.51,565,1,1
Elbertina,vEkZv,574.52,128,1,1
Reeba,AYguSVxcTngVYbk,889.21,131,1,1
Jackie,ouSdceckiYHqxficsUDRf,662.9,438,1,1
Angelique,rGRSTuFPILep,870.53,938,0,1
Shel,QNCfYjYBbvZRKpSNIxkSMOo,320.59,238,1,1
Chloris,MTuqcVXA,385.75,466,0,1
Fanchon,"gicxD ",628.47,927,1,1
Marylou,hMlZr cdOdOlGhr,266.7,445,1,1
Marline,Gnexyq,611.21,416,1,1
Kirstin," DvofuqWMi",946.24,390,0,1
Zaria,NtZdnLDOFSGCmtnklZbD,999.88,612,1,1
Jordan,LuiRWndkN NtnUTsWeIqBQPOzYp,23.46,979,1,1
Kittie,toKBFufHoeobVJZcdQ,226.43,376,1,1
Maurene,qmBgYDBzOJwayrAIJdcwJACuRKSSCnYf,235.44,397,0,1
Carilyn,qlvkYFB,71.51,885,0,1
Randa,zSUZvhgScsdUuLxrTLbfkggu,315.39,622,1,1
Ariela,aEFy,524.37,298,0,1
Brietta,nNPDUlWNynH,212.54,850,1,1
Liana,GGp,461.83,461,1,1
Shell,vZUhDedH iKfGXdq,243.13,739,0,1
Elena,KJGdS sfJwueYTUjfEocpN,695.78,807,1,1
Fawne,,266.04,468,1,1
Jsandye,A,459.08,272,1,1
Veda,heOzZRBJ,62.15,37,1,1
Paola,rIxRF,338.53,660,0,1
Adore,hoCvWQkhtbILVfaZQRMagPh,482.46,945,1,1
Brianna,pNLryBvxCPVqMzYmsHmydwLqJW,972.32,45,0,1
Pamella,kXiHnXTNihzJGYyhcBDSrlIYASOUYFQ,3.86,161,1,1
Lulita,MlJZFTuBnMGoEGUwVw ZNvMnLzQkN,560.88,507,0,1
Karly,Noojm,219.78,640,0,1
Paulita,hTARkMEfLMNYcdxuFdPXKvvKgqbT,402.41,657,1,1
Danny,isMoaiOFRNHIjBpjACcMGLMvj,970.32,146,0,1
Louella,GkbHYkttlOmtUZsBQLWr,396.56,666,1,1
Josephine,xYUlDSpDcaNODyIYjIPOPRmoaUzyEWd,812.27,669,0,1
Nollie,,677.78,259,1,1
Candy,mGm,377.34,183,0,1
Aaren,dildsPRyCWqUXgJDED,121.37,994,1,1
Lesly,cMcfqzrweRAy,780.11,461,1,1
Dania,H,647.72,560,1,1
Jordan,RLNXOGPLpyJsazko cRSJBD DDGF,18.72,183,0,1
Anthia,leRjWUBOKoyv t,681.8,674,1,1
Letizia,MvrmTNvTFawnKKPNsCJ,558.3,548,1,1
Lucy,dlwCTVOqZvsOFGkUQKlV,454.9,245,0,1
Carolina,LmVDsGMdFhvUat,345.11,847,0,1
Di,GFzFovHwQRDZiNQjrqkSPnZOSxjqCaZK,900.08,665,1,1
Dennie,OyAlIOVCTMcdCRKfLFIE XnEmj,242.17,674,1,1
Magdalena,qDBSoaNePwccoRcYNwf,283.33,398,0,1
Jillayne,oUXVTK,98.6,645,1,1
Dominga,nJTijD U,422.93,757,0,1
Marinna,BFcDcIK GRTzco DziRGvSbh,685.5,65,1,1
Anallese,kPWuV,523.23,708,1,1
Gabi,ZQhEQnSlGKVebSGjdhRtMrIO,707.54,623,1,1
Cissiee,OYlVrRzN ikfADn,678.81,608,0,1
Amii,AEsRbjYbKsGNhsY,856.07,755,0,1
Katuscha,eJucxXPx,285.21,811,1,1
Tani,TfWQtcMxnzAP,59.75,570,0,1
Louella,Ozsuw,991.26,359,1,1
Jillayne," MudwsQExlow",301.95,533,1,1
Layla,LwZiO,830.03,17,0,1
Lucy,EOYDenMiBh,510.31,227,0,1
Almeta,pdgnSxmbzMJxASf,203.44,485,1,1
Annabela,UocBwvsJzMBeAOnhOnPiNJntve,916.69,316,0,1
Allyce,uEpPRxDEzciZnaNMFzyRfVVQawilgphw,409.97,272,1,1
Millie,ozKELm,165.86,988,1,1
Rayna,CdiRatIuCzlsVdjnAQxx,209.62,879,0,1
Siana,vGLfAQuFGshktDgyUYBueC,150.91,512,1,1
Lucy,YXXiQz,728.62,677,1,1
Jan,tYETuJRBStKIUyEXjBnWZk,227.47,370,0,1
Gwyneth,jQKEjHbpHvQeSdKHAjGziXLAY,711.07,113,1,1
Marsiella,snyTzlhlIlFnQoPjIJWMPDfRpCLdOpR,335.9,38,1,1
Merrie,uSLXGRzqRvawvMFtaxpRgy,640.4,769,0,1
Gianina,IyCgMHntWlUhI,336.43,660,0,1
Regina,siaaeRxji jykTSclVEZZFrcLs,218.34,107,1,1
Doralynne,M,751.74,626,1,1
Gerrie,NFMSFZNmNPgGwwnh,130.65,677,0,1
Clo,juZvl,997.27,622,1,1
Madeleine,pPUoZf,16.51,313,1,1
Kerrin,QWjYlOxNWejCWfEgCunngqqLGF,858.28,14,0,1
Kore,CdL,311.96,428,0,1
Annabela,ZeeeWsge,505.39,705,1,1
Celestyna,hnTeoiF,665.46,710,1,1
Cathyleen,LbnSgkImkCSfGbSvkGkH P,361.26,513,1,1
Cyb,dndJQjaXIJTFkhbzYEdNyvHOXd,121.26,757,0,1
Lanae,Rhxk CNTPnJKdvjQPSVdNI,134.45,353,0,1
Queenie,i jwkvDv Tt,848.96,78,0,1
Correy,hNOYxksiRXRdjpkLCUj pkwmeCYgeslH,604.67,57,0,1
Wanda,wuSMqrYbRJhQLym my,594.15,339,0,1
Tani,WSikUiFqqpasBKsNOMiQg,370.6,361,1,1
Korrie,tsrOUJTFNs HzFNLpAR YzkP QtEzcBM,544.78,77,1,1
Mariann,,537.59,234,1,1
Carlie,TewLTNDkYpun,582.97,323,1,1
Evaleen,cvjImz,232.19,537,1,1
Katuscha," XS",926.09,98,1,1
Marcelline,bjchilyjpqJaSOntTykYHEapCzW,428.48,603,1,1
Reeba,LIdzXgzMPyClkNZo,135.54,778,0,1
Sonni,gpGwIjyrGTvwvYwiRXlV,917.98,499,1,1
Gisela,mxKwXbdxQKfeDvG,892.73,173,0,1
Caritta,JeoD,460.92,838,0,1
Abbie,sev,167.94,173,1,1
Robinia,NmhapznxTSHdfWukAqgLPOpNOsqfW,224.84,831,1,1
Tarra,WUorJbhzHwNSAWkERP bh,198.57,964,1,1
Vivia,BiYvTvSbXWYw qp,637.2,380,1,1
Cassondra,FFZWXoxfpVvrr d,168.91,636,1,1
Ginnie,tkMQQqajR,425.46,750,1,1
Mallory,IRdmUgaMuShNJhZRrrLKDyDSLaj,131.29,148,0,1
Bill,XU,322.25,740,1,1
Tybie,ZULQewCCWtcsUcKtsvuEVWIsknpiX,327.79,694,0,1
Tamqrah,hJDvErFIBcnuAk,752.32,796,0,1
Orsola,VNf yrs SkmTwM,491.44,245,0,1
Odessa,Clwr AzdgFMwksqnLNglKhUkXkp,861.85,958,0,1
Cristine,MuNmfWrMryICtKIFmvFwewbmawNf,517.01,7,1,1
Belva,pbnOWCzFNgADmaWQEMHuCSlgoi,356.75,405,1,1
Celestyna,LtBVnDJbnwTJfpTaudVMkTXKNaLG,66.21,215,0,1
Janis,KAWUmWByYbiJbdUcbizlDe,560.58,798,0,1
Darci,KclEsAbErsFjbgCuwjyLueMaAfiFghpR,591.92,898,1,1
Brietta,AueMEWvSdwfPNTBunHHPSS,365.97,171,1,1
Kore,LZvBcJKSZEKvULFInXtTIRJAI,798.8,314,0,1
Tera," BWQUkD",906.88,448,0,1
Stevana,"OUtQHZTGCLKtUn ",169.54,772,0,1
Karolina,nJwLlh yup,41.37,479,0,1
Flo,SNHJatKqMRuNDzYSdkSJ,10.2,549,1,1
Ofilia,FJOo ckL,515.48,552,0,1
Lulita,NH,915.08,208,0,1
Shaine,znRToBaiRBUbqbfzgL,276.54,564,0,1
Paule,tOOEiNTScBPehbZaKstqOCMUAvEbKRLM,518.31,848,1,1
Marcy,RjxlleVVHKiMFJCsfagMWfusZhEH,708.79,600,0,1
Alyssa,SLeOsURXp vZgqRc,786.9,822,1,1
Belinda,Ina,436.86,191,1,1
Modestia,MuxgnjkWAhqdyDop,56.27,113,1,1
Malina,nxyrwyAzTqNWaNgGJvu,749.83,972,0,1
Molli,oyZuPkmpzibxIoxFPhoxaUSoDGiPu,613.42,865,0,1
Layla,wZlSTKb PHxjywzlShLJdabFsZZBDWFJ,800.1,938,1,1
Ronna,hmXobBHyEpxNBaQAoFlxptUbxDuCuc,647.11,35,1,1
Hollie,iizP,839.77,310,1,1
Jan," eqYopbGzPsIPCikc",729.11,692,0,1
Anica,VZxqMHTfWBhTROSl,135.46,730,1,1
Tami,WG ABvDwkYlvawT,835.45,636,0,1
Jolyn,KdygfX,879.3,785,1,1
Gusty,,53.66,240,0,1
Ricky,ksiLKsIeQHG eKsRFOaMrYx,107.19,54,0,1
Winifred,H eKFK KGSPUhCOQfFtIlTGU  aVIL,593.85,888,0,1
Kristan,HPnvDWdtGlqXiXUvLXoMzTFAIoLuhv,387.32,341,0,1
Hettie,ZEiBC AKTyEgjOpKtGQWpPSSiUMuNgp,94.15,15,1,1
Tatiania,,601.93,470,1,1
Britni,iZmLLgVJDWkfH,901.2,941,1,1
Ofilia," avAnAwb RN",488.38,906,1,1
Annaliese,hhoiPYvAfbZUzAjnycrsEQDEUMQl,495.77,775,1,1
Myriam,PMZS,815.06,373,0,1
Noelle,tEcyJm,287.87,411,0,1
Daphne,hEQTQgPtzwAraFUyuYWIdSrhecv,297.95,438,1,1
Roseline,TcbawiygcylpQJNzgE oA,587.58,807,1,1
Cissiee,BwbSICbxEHDLqO,704.34,194,1,1
Tani,,734.25,593,1,1
Vevay,dJH,222.56,307,1,1
Katuscha,mASMZFQDEfkBMeJrKzh,520.67,210,0,1
Korrie,NCOcMGYC,282.95,931,0,1
Kenna,TjsFblQxbEaEanAGCMaKpqjWeMmOLC,493.17,207,1,1
Aurelie,Rm,775.24,826,1,1
Emma,"GoncMfGbmWQysSUcwOJe ",285.28,788,1,1
Vevay,L,148.69,747,0,1
Lorenza,fWjEBkAdqb,429.13,35,0,1
Zia,rDjkHyZMouNaJCuMSQkTDnknyoqna,511.95,324,1,1
Lacie,PcshRYISGjYkRdZJEjXcivaACZO,654.42,372,0,1
Millie,kMXyNTZz,729.95,552,0,1
Allis,As,14.49,713,0,1
Sherrie,SXwbczMIw UisLucgQxC,216.02,741,0,1
Harrietta,wUwhpUPTYdYMzRlfzqsDswUUrm,343.85,807,1,1
Josephine,GMlpGT HqTChKuUvVB,68.03,114,0,1
Caryl,wS,997.3,760,0,1
Queenie," sLtBaAPJoqgekF",721.66,530,0,1
Mahalia,jx vGaQdFmecWAsb Ow,236.82,624,1,1
Eolanda,gVNnLkMbv SvnUSxNsBUnJBEMy,916.79,682,1,1
Kelly,XkXytLbSokvCAuK,131.5,985,0,1
Berget,EWjLaHXbIBx lsmkTswB,419.85,771,0,1
Nessie,uiBOwlGyVLWeXLFFPa,569.75,596,1,1
Aeriela,VH,226.9,203,1,1
Mariann,cxCwuybnnZEdaTsQwUyHEToU,762.68,211,1,1
Olivette,ZZvFJlKhuSbOJ abGA,414.34,312,0,1
Quintina,Ak,738.32,762,0,1
Janey,Ibp VQWocWznRPgDkfah,32.19,172,1,1
Janeczka,NVOJghr,293.44,760,1,1
Gilda,uKjvshqTMuaEx,14.3,638,1,1
Kaja,BiqQKlIKNLxvmnJcBEVYAqoWF bwVse,992.2,488,1,1
Katuscha,FkC,792.97,919,1,1
Marika,weXUKXsygicpfGmPfGKPrZDcni,302.9,409,1,1
Brena,,320.95,241,1,1
Farrah,XFEMgF,894.48,424,0,1
Esmeralda,GtzmCCIkTLFHnErobiOqNdDbDi,936.93,297,0,1
Cathyleen,Dhq,659.56,831,1,1
Noelle,iU,334,565,0,1
Mamie,"uRjFZXNCVFKr ",109.36,876,1,1
Brietta,ftVeBtztIHokYuJlmSx,222.83,37,0,1
Harmonia,lLSjSJRSQ,673.16,759,1,1
Lonnie,ZyWJnRMPalosITGZO,201.79,990,0,1
Iseabal,ELeYzkdHKbAsgykF,448.43,660,0,1
Courtnay,svIDqLHmtwZjdOLVrXc,527,601,0,1
Kristina,LEfMdpSxzcCZbG,668.05,974,1,1
Jacquetta,hatlCWBGqAiZJOV,441.24,823,0,1
Isa,HabA,672.98,17,1,1
Elbertina,NWvySbWAtYJOPupXNiByH,433.92,626,0,1
Shirlee,VtxWRLExOUtoxp,55.47,771,1,1
Jessy,BuOoXjrm WUsQrguXKmbtsZcCSbtw,551.34,103,1,1
Zondra,uZuhOCOkuAhzAwMAKcaEPx,257.87,733,1,1
Chrystel,rPQEJ Xkc,444.78,760,0,1
Nicoli,vrzRTwnBhVo IlmrlPfYxDku,704.55,462,1,1
Lory,HeqnNt QUOpRLwkslbITPxIva,671.28,740,1,1
Kara-Lynn,"SaZHyaFFOFOJOnsXZd ",699.97,981,1,1
Kellen,oMSRxprLiFG QSGQYTvBkHSIGM,862.19,780,1,1
Moyna,febYfFmEcuMjLFrdK,620.71,293,0,1
Kristina,HOYGf cFuOMwPoARjcdFgt,942.27,748,0,1
Pollyanna,wWRjSTqcbSzyFSyYfwyllLAjifwR,247.88,364,1,1
Imojean,REemPZtIWhDxDGsJmAg,910.98,717,1,1
Chloris,BNcxPi,220.99,985,1,1
Roberta,XwkdXrpOYzoanTB oqAvUDqpq,447.57,785,1,1
Korrie,pFUIuawUAPXdsOnUEqDcS apvVOPb,239.79,99,1,1
Hettie,qCLIwgBDBQBnwleJUrRLnyY SU,935.02,368,1,1
Kial,iRnBslwbIPjIdMpyBgeTchAI,7.19,315,0,1
Jan,cDWOOHxxMZiUytjLErDQFYyj,829.82,287,1,1
Juliane," EG StSyPALODMQjDCufKrlflrk",929.33,25,0,1
Desirae,hIWUvyTQvmMwvhhlMtbEFxkYahTLT,141.69,139,1,1
Carolina,rguzqOn,913.89,577,0,1
Donetta,nAETSRqXQwggAgYbllV gLTnSFwDkCx,163.85,827,1,1
Dacia,,480.02,309,1,1
Oralee,iJAntrSipfioMo,956.6,324,0,1
Emilia,BdYPePtEkZmoLksxPnujG,594.49,970,1,1
Dorothy,OVtIXtibweodLJndpXTCTehz,933.38,212,0,1
Jean,DSxyaNXsPhwOjoSPBHMgPanfSMmIW,264.13,296,1,1
Jemie,EsNifcYpdptAcXGxsOsBbINfYvbqGW,558.79,443,0,1
Estell,"XAZjvmhJNkFrb ",25.3,39,0,1
Kelly,IW,138.72,923,0,1
Jackie,L,900.62,305,0,1
Eugine,UjmbJsxvLmkMhCvTyeU,822.69,387,0,1
Phedra,eUrdoQLyHc QOGEciZcx,105.02,761,1,1
Abbie,tTVTSBNNuTCMOpLGzlZRqSzfIdLHiCWf,29.07,746,1,1
Betta,XkSMgfUApyWwTtB,491.29,960,0,1
Di,KlAmZSZJzfgxhPZ,825.55,213,0,1
Jsandye,eNtXQDqDPR,151.35,147,1,1
Randa,,100.59,125,0,1
Elbertina,qfDPTnvvDNzvQJypDAfHAYoMQ,915.55,82,0,1
Xylina,kBBEOkSpSAnNGziWLT,128.14,692,0,1
Loree,lhNoPGgnuTzStHLEYcgEGTPn,19.11,168,1,1
Brena,QvO JISw,77.45,257,0,1
Christian,ExSSzrdsHcxr,500.65,34,1,1
Berta,rgo adEtErlSbkGe,19.13,412,0,1
Angela,NCsAp,62.24,332,0,1
Alameda,ZsY,715.36,114,0,1
Yetty,cLUar,149.3,602,0,1
Dione,sHrZe OdjcxZQr,305.88,203,0,1
Chrystel,TUwXucAu,965.47,117,0,1
Chere,wZZoZX,489.06,712,1,1
Merci,uoyqtIuyQMJQOgTWg J lspG,279.69,717,1,1
Caritta,SZEFfCtuVECoyqxWxEpIcB TEwJj,622.12,412,1,1
Modestia,DlJyyaKGyMNWwPWSfvlMImtPxTS,29.76,788,0,1
Elbertina,YSGut,358.68,645,1,1
Debee,,12.71,212,1,1
Dulce,vGIuececyFgnLqyLYWvgQdYKDKMTtB D,306.48,262,0,1
Flory,PfeKNJZFxVbSPIQFMhGiFwwTM,25.01,165,0,1
Vinita,tnybJeyaVfM KriKmSTjfYrjq,923,767,1,1
Carree,,994.37,690,1,1
Larine,Bp,649.38,436,1,1
Carmencita,BRb,720.81,987,1,1
Joelly,Oy,230.91,392,0,1
Elsie,dyGpfdBmpuNSaUtDrptzGCOE,673.08,511,0,1
Aubrie," CXR",765.63,713,0,1
Basia,iSGuofCQctNIWTWjC,539.84,382,0,1
Clo,MSEByClNBNorUVZnVBtlHAdlMOqH,502.61,943,0,1
Frieda,n lo,346.62,580,0,1
Lita,VtAxEGS,5.1,463,1,1
Di,IapWoIhkMcmS,443.77,5,1,1
Dorene,lAYMhXPDyXBPbOdC,295.81,2,1,1
Willetta,ZLiFkE,447.69,901,0,1
Lucy,RrHILY mdZjIWAaWI,298.03,713,0,1
Clarice,istZf,192.09,899,0,1
Collen,ldc itQY d XFmJHrSSSt,819.61,38,1,1
Kamilah,R ULalAX HAzXkdRdu tnlHypUVHQ,709.77,616,0,1
Cathyleen,YegqdbbqzgsvbEMoCcPIKTHM,274.42,902,1,1
Aili,sSGeWyHEDRPZVN UCXRVsrFSGhyFR,728.62,701,0,1
Janey,YQrEfjkrVFKfZTrBmiIkcwH,216.07,262,0,1
Daryl,uhYUuERWTRgyFjiabVvpdCONdlpKfbyE,586.92,237,0,1
Kittie,wWOsFPtWDyv,835.3,207,1,1
Annaliese,ZGIGXZYeIgRLaoIBeyBoqXOdTptDhTI,630.12,740,0,1
Gretal,JBgd,281.07,767,0,1
Hannis," usvvGANls ",151.42,15,1,1
Viki,EMUiafmmAN,553.4,1000,0,1
Devina,XDajlbEUQEJEQpjNA E,460.1,876,1,1
Alia,fntgATdxL,706.35,370,1,1
Shirlee,DXUTxNxYWasTQyaNJH,604.74,939,1,1
Tressa,vGFUDywbIkCaKCSAyltyBFLy,598.13,731,1,1
Frank,kVmGcaayiYkQcaFEEPwxifIykybJ,432.74,213,1,1
Fina,uPfnmgbaDieDLvZLlzMndxCPhv,29.29,749,0,1
Gloria,yuZKZhKkJgsKjSgKfNqZCNt,953.09,244,0,1
Renae,DnVWxHjWwg,312.46,663,0,1
Kylynn,qmbjO RBOFQySNSvRz,291.52,3,1,1
Marnia,WL,365.08,181,1,1
Magdalena,,795.07,97,1,1
Arlina,dVendnvkyvK ZLZxc,963.86,642,0,1
Fredericka,qlwWL BhdVJeob,830.11,152,1,1
Kerrin,,13.45,757,0,1
Daphne,QofkQpR,547.42,963,1,1
Mary,DBYbvNJcqIIYtX,393.97,618,1,1
Fanchon," FkgHFTPaApbnRExJWBnIAUQLSWNebxo",640.1,961,0,1
Lita,YVLtEXLZMfVXSgdOTCbSfSqMunK,926.56,904,1,1
Lauryn,fBliJmBSeqGiO ShEL,6.46,882,0,1
Pierette,eupnJYCSnrYlUznGonNvvQdXnOdL,723.18,873,1,1
Liana,QLZC SAaujQGLqqLUfB,994.28,46,0,1
Lacie,RLcxJeGMJwpM,980.69,356,1,1
Hettie,h jLuOYBqQYKLKAzkG,437.55,295,1,1
Letizia,wEALRQJFyRqqBEGmqrMJxRgZZOCnOQFs,684.46,900,0,1
Nanete,mlwHtPTMppCodmlMKJXuDtl,597.09,10,0,1
Orelia,phFvCqqucHvUNY,256.34,937,1,1
Jsandye,yRLOmgMdMcjPayxjiQjmQ,645.27,770,0,1
Dominga,yjvBbMeNDVp,397.54,386,1,1
Ernesta,JRoCOwx,482.09,173,0,1
Charlena,GBI,374.95,664,1,1
Valli,"dTcScbjQmyFe ",121.57,923,1,1
Elmira,hrgeFVueEpfXWJFYKidZFotPM,193.6,398,0,1
Devina,zd jhmGVqKwhf WcXmWAmR,970.8,540,0,1
Pamella,XLDUVfsibmZkCVmNnWLIkgystkfytp,43.33,605,1,1
Jany,epOWyScWjGuVIDieZtXgyuKKXqg,272.59,614,1,1
Yolane,t USssXnldQFkjLOYfrPoVE,476.74,752,0,1
Clementine,"RuCIOzeyUcuPuuwrAMWrXsaZR ",348.54,114,0,1
Tobe," okrsic",273.83,537,1,1
Merry,YyVpPxcREFsBUrkGttfvxdqm,182.55,765,0,1
Silvana,XCLEEBkqVDsOMtoxZ,68.23,110,0,1
Belinda,,65.19,65,0,1
Dacia,WVgFUstLDfswZgWsOFkEkB QDccWk,268.08,870,0,1
Loree,dbD,947.52,861,1,1
Mellicent,,61.7,865,1,1
Aaren,zOfwAqp,440.3,464,0,1
Elfreda,sp QpHOADBql,861.1,655,0,1
Gusella,RGVYxMk,533.8,774,0,1
Christy,irVmqKghopzZHrbVpEdTpKpSr,510.28,33,1,1
Hope,K,223.52,365,1,1
Jean,"vryYOBcRvBeZqfo ",217.96,47,0,1
Cathyleen,ZWCDzDUKaJgzHssQflJMcvYqzPPoqIS,992.36,73,0,1
Vita,GpommOLxVDLsFU,823.94,675,1,1
Violet,kDIQebOnsp,52.2,790,1,1
Laure,TVGMtSZTRMuStBDGtDnzWMObCowcrvlN,361.88,725,1,1
Keelia,ZbwNwbA ObzZYJeyOa,959.47,119,1,1
Dorthy,wWZDPCmHToGowspMZMDAvYgYCLnWM,586.53,418,0,1
Jsandye,ljFqMcgszLuZsk,169.85,141,0,1
Hermione,AROROeRqckSYhzw,958.31,522,1,1
Dania,Fo p,131.63,732,0,1
Tatiania,ft,837.55,378,1,1
Tera,DhK,311.85,37,0,1
Annabela,drzTWdyXYVjXKAcJwbXLOvrZasyT,808.99,990,1,1
